<zone1>
    <location1 amount="11" cheese="Russian Cheese" drop_amount="1" name="Apartment" start="1" state="open">
        <mice1 cost="0" icon="mice11.jpg" name="Nothing" power="0" />
        <mice2 cost="100" drop="Coins" icon="mice2.jpg" name="Brown mouse" power="300" />
        <mice3 cost="150" drop="Coins" icon="mice3.jpg" name="Black mouse" power="100" />
        <mice4 cost="50" drop="Coins" icon="mice4.jpg" name="Poor mouse" power="300" />
        <mice5 cost="200" drop="Russian Cheese x10" icon="mice5.jpg" name="Shadow  mouse" power="400" />
        <mice6 cost="200" drop="Russian Cheese x10" icon="mice6.jpg" name="Felt mouse" power="50" />
        <mice7 cost="200" drop="Russian Cheese x5" icon="mice7.jpg" name="Dr.Spider Mouse" power="500" />
        <mice8 cost="250" drop="Coins" icon="mice8.jpg" name="Portal mouse" power="300" />
        <mice9 cost="300" drop="Russian Cheese x10" icon="mice9.jpg" name="Robber Mouse" power="100" />
        <mice10 cost="100" drop="Coins" icon="mice10.jpg" name="Grey Mouse" power="300" />
        <mice11 cost="10" drop="Key" icon="mice1.jpg" name="Eshkere Mouse" power="500" />
    </location1>
    <location2 amount="9" cheese="Russian Cheese" drop_amount="1" name="Outdoors" start="12" state="open">
        <mice12 cost="0" icon="mice11.jpg" name="Nothing" power="0" />
        <mice13 cost="1000" drop="Cable" icon="mice1.jpg" name="Cable Mouse" power="1000" />
        <mice14 cost="1000" drop="Cable" icon="mice1.jpg" name="Cable Mouse" power="1000" />
        <mice15 cost="400" drop="Russian Cheese x5" icon="mice7.jpg" name="Alco Mouse" power="500" />
        <mice16 cost="250" drop="Coins" icon="mice8.jpg" name="Portal mouse" power="300" />
        <mice17 cost="5500" drop="Catcher 2000" icon="mice8.jpg" name="Ninja mouse" power="500" />
        <mice18 cost="1000" drop="Twilight Cheese x1" icon="mice8.jpg" name="Guide Mouse" power="500" />
        <mice19 cost="1000" drop="Twilight Cheese x1" icon="mice8.jpg" name="Assassin Mouse" power="500" />
        <mice20 cost="2500" drop="Twilight Cheese x5" icon="mice8.jpg" name="Graffiti Mouse" power="1000" />
        <mice21 cost="2500" drop="Twilight Cheese x5" icon="mice8.jpg" name="Strange Mouse" power="1000" />
    </location2>
    <location3 amount="8" name="Park" state="close" cheese="Twilight Cheese" drop_amount="1" start="22" />
        <mice22 cost="0" icon="mice11.jpg" name="Nothing" power="0" />
        <mice23 cost="1000" drop="Twilight Cheese x5" icon="mice1.jpg" name="Monumental Mouse" power="1000" />
        <mice24 cost="400" drop="Twilight Cheese x1" icon="mice7.jpg" name="Laying Mouse" power="500" />
        <mice25 cost="250" drop="Coins" icon="mice8.jpg" name="Actor mouse" power="300" />
        <mice26 cost="5500" drop="Catcher 2000" icon="mice8.jpg" name="Ninja mouse" power="500" />
        <mice27 cost="1000" drop="Twilight Cheese x1" icon="mice8.jpg" name="Insta Mouse" power="500" />
        <mice28 cost="1000" drop="Twilight Cheese x5" icon="mice8.jpg" name="Tourist Mouse" power="500" />
        <mice29 cost="2500" drop="Twilight Cheese x5" icon="mice8.jpg" name="Graffiti Mouse" power="1000" />
        <mice30 cost="2500" drop="Twilight Cheese x5" icon="mice8.jpg" name="Strange Mouse" power="1000" />
    <location4 amount="0" name="Shopping Centre" state="close" />
    <location5 amount="0" name="Metro" state="close" />
	<location6 amount="0" name="Entrance" state="close" />
    <location7 amount="0" name="Catacombs" state="close" />
	<location8 amount="0" name="Underground Lake" state="close" />
	<location9 amount="0" name="Railway platform 'Airport'" state="close" />
    <location10 amount="1" name="Air Gate of North City" state="close">
        <mice1 cost="10000" name="V.V Mouse" />
    </location10>
</zone1>